id,name
5064,Meryl Streep
1776,Francis Ford Coppola
488,Steven Spielberg
190,Clint Eastwood
380,Robert De Niro
4690,Christopher Walken
3096,John Cazale
10400,Barbra Streisand
36592,Saoirse Ronan
1373737,Florence Pugh
10990,Emma Watson
10215,Paul McCartney
230194,Abraham Laboriel Jr.
325,Eminem
2231,Samuel L. Jackson
1,George Lucas
131,Jake Gyllenhaal
107515,Ral Esparza
60034,Laura Benanti
33829,Terrence McNally
1164,F. Murray Abraham
2559324,Beth Lane
27888,Ral Juli
3037,Richard Dreyfuss
4951,Robert Dalva
1032,Martin Scorsese
1150,Brian De Palma
64,Gary Oldman
1769,Sofia Coppola
205,Kirsten Dunst
4512,James Woods
55983,Jim Henson
7908,Frank Oz
1006721,Charles Scorsese
15175,William Friedkin
138,Quentin Tarantino
36594,Juno Temple
3084,Marlon Brando
3087,Robert Duvall
8349,Martin Sheen
13848,Charlie Chaplin
9261,Frank Abagnale Jr.
2227,Nicole Kidman
500,Tom Cruise
2297235,Antony Horder
491,John Williams
30807,Rudy Behlmer
670,Ben Burtt
2154,Scott Bakula
2152,Alan Ball
1306064,Princess Diana
174981,Prince Charles
4430,Sharon Stone
6449,Warren Beatty
3265,Eli Wallach
4078,Lee Van Cleef
14276,Gian Maria Volont
74308,Christopher Carley
928572,Scott Eastwood
14701,Carroll Baker
3892,Johnny Mercer
19429,Bruce Lee
18897,Jackie Chan
15111,Jean-Claude Van Damme
1259,Ennio Morricone
12453,Wong Kar-wai
9979,Peter Coyote
9789,Robert Altman
20156,Sammy Davis Jr.
4347,Frank Sinatra
4299,Dean Martin
1038,Jodie Foster
13,Albert Brooks
4513,Elizabeth McGovern
4517,Joe Pesci
14702,Cathy Moriarty
45001,Steve Allen
11477,Ray Liotta
73421,Joaquin Phoenix
1545693,Zazie Beetz
1158,Al Pacino
3092,Diane Keaton
19665,John Boorman
1208,Ralph Bellamy
11181,Kenneth Branagh
30140,Veronica Carlson
113,Christopher Lee
55949,Peter Atkins
73641,Christiane Amanpour
1202593,Neil Barnard
33684,Bono
138986,Tony Bennett
53397,Christina Aguilera
7904,Billy Crystal
7447,Alec Baldwin
85564,Andrea Bocelli
4038,Susan Sarandon
25626,Robert Ridgely
32396,Richard Belzer
10468,Marvin Hamlisch
1884,Steven Soderbergh
8891,John Travolta
139,Uma Thurman
37934,Andr Benjamin
15310,Anthony Kiedis
56323,Tina Fey
56322,Amy Poehler
41091,Kristen Wiig
3085,James Caan
23916,Randee Heller
178536,Lauren Frost
7909,Steve Susskind
7174,Ray Charles
21064,Jason Gould
65717,Jon Hamm
10431,Jennifer Jason Leigh
230680,Douglas Booth
73357,Eleanor Tomlinson
1702761,Robert Gulaczyk
5469,Ralph Fiennes
1291350,Tony Revolori
2136046,Bartosz Armusiewicz
2135942,Sean M. Bobbitt
47646,Catherine Tate
59620,Gemma Arterton
1108724,Anthony Welsh
10980,Daniel Radcliffe
10989,Rupert Grint
1923,Robbie Coltrane
116341,Bill Clinton
7487,David Bowie
47990,Elvis Costello
112923,Linda McCartney
1829413,Hamish Stuart
10592,John Lennon
10593,George Harrison
230192,Paul Wickens
55466,James Corden
16463,Howard Goodall
558240,Queen Elizabeth II of the United Kingdom
8968,Mike Oldfield
1149345,Huw Edwards
80535,Robbie Williams
47632,Rob Brydon
1116912,Michael Blakey
2585,Eric Clapton
100183,Jeff Lynne
13745,Ravi Shankar
62644,50 Cent
32362,Jon Bon Jovi
58198,Chris Farley
1409651,Mackenzie English
108661,Chester Bennington
214830,Mike Shinoda
1070445,Brad Delson
145755,Mylne Farmer
1082289,Yvan Cassar
1082290,Eric Chevalier
84534,Dido
9315,Marilyn Manson
224858,Joe Budden
544016,D12
1740159,Marky Bass
1945289,Denaun Porter
1135272,Skylar Grey
1776464,Stretch Armstrong
4244,Lauryn Hill
822,Avery Brooks
20879,Kate Burton
2632,Chris Rock
5726,Cedric the Entertainer
943183,James Baldwin
19742,Malcolm X
2047,Danny Glover
16828,Chris Evans
3223,Robert Downey Jr.
134,Jamie Foxx
27319,Christoph Waltz
6193,Leonardo DiCaprio
113674,Victoria Alonso
10850,Kevin Feige
44038,Nancy Allen
35705,Regina Hall
143242,Terrence Jenkins
103,Mark Ruffalo
16767,Aki Kaurismki
1188684,Alain Riou
57865,lex de la Iglesia
287,Brad Pitt
19119,Mlanie Laurent
74568,Chris Hemsworth
1169636,Steve Sansweet
71538,Dave Filoni
1021364,Joseph Campbell
12898,Tim Allen
31,Tom Hanks
11770,John Carpenter
515,Glenn Close
4,Carrie Fisher
3799,Billy Dee Williams
130,Kenny Baker
33185,Jeremy Bulloch
6968,Hugh Jackman
17142,Paul Dano
69597,Drew Barrymore
85097,Joan Blair
1005788,Rayniel Rufino
1076915,Antonio Ortiz
162339,Luis Antonio Ramos
69899,Zachary Levi
13636,Jane Krakowski
11076,David Hyde Pierce
49827,Michael Cerveris
3999,Tom Hulce
4000,Elizabeth Berridge
1222952,Jonathan Llyr
1748,William Shatner
1749,Leonard Nimoy
1159,Steven Bauer
1160,Michelle Pfeiffer
148251,Massimo Ghini
4959,Claudia Cardinale
194,Richard Harris
47096,Roger Daltrey
227,William Hurt
18972,Danny Masterson
1130441,Robert Sklar
108650,Alain Silver
1130439,Drew Casper
1665042,Thierry Frmaux
1867,Auguste Lumire
224,David Cronenberg
72861,Robbie Robertson
941022,Buffy Sainte-Marie
102429,Roger Corman
6159,Ron Howard
5168,Gabriel Byrne
70035,Maureen O'Hara
39012,Peter Bogdanovich
2636,Alfred Hitchcock
1077703,Donald Spoto
132305,Nobuhiko bayashi
5026,Akira Kurosawa
40223,Joe Carnahan
1052109,Harry Styles
1052107,Niall Horan
1146050,Zayn Malik
67877,George Litto
1979,Kevin Spacey
16294,Jonathan Demme
27554,Alan Bates
70654,Max Wall
1415341,Kazuhiro Tsuji
1267653,Chet Zar
1003,Jean Reno
524,Natalie Portman
3894,Christian Bale
1810,Heath Ledger
3895,Michael Caine
219479,Criss Angel
1101349,Steve Aoki
18517,Kim Gordon
101831,Thurston Moore
28626,Arielle Dombasle
3614,Michel Houellebecq
206,Jim Carrey
204,Kate Winslet
40036,Taraji P. Henson
6944,Octavia Spencer
1005852,Janelle Mone
16896,James Garner
6450,Faye Dunaway
3380,Bette Davis
157936,James Sloyan
2040755,Chuck E. Cheese
57756,Gene Simmons
109887,Caroll Spinney
64180,Steve Whitmire
68456,Richard Hunt
17483,Michael Maloney
6238,Juliet Stevenson
68455,Jerry Nelson
2,Mark Hamill
6,Anthony Daniels
3,Harrison Ford
898,Mark Goldblatt
1264,Bill Pankow
4955,Dario Argento
109255,Leonard Maltin
1817034,Michael Sragow
4762,Paul Thomas Anderson
2545,Lawrence Bender
1037,Harvey Keitel
3129,Tim Roth
147,Michael Madsen
9857,Karl Malden
5248,Lee J. Cobb
4483,Dustin Hoffman
13570,Samuel Goldwyn
3417,Tony Goldwyn
103829,Jason Presson
84678,Johnny Cash
106179,Anthony Franciosa
10190,Jill St. John
5250,Jack Klugman
3810,Javier Bardem
72305,Lesley Manville
44735,Jesse Eisenberg
8487,Gregory Peck
8488,Mary Badham
8489,Phillip Alford
2880,Emilio Estevez
1063,Lea Thompson
104997,Marlo Thomas
11088,Barry Tubb
3266,Joe Mantegna
36059,Joanna Pacula
1179102,Kathleen Kennedy
928944,Coleman Barks
2022250,Robert Bly
514,Jack Nicholson
1892,Matt Damon
125025,Joey King
122889,Dane DeHaan
2641,Martin Landau
72028,Arye Gross
4724,Kevin Bacon
66743,Matt Bomer
1461,George Clooney
2098136,Brian Becker
2098137,Richard Becker
13852,Virginia Cherrill
13853,Florence Lee
14028,Jack Oakie
14029,Reginald Gardiner
14434,Georgia Hale
14435,Mack Swain
19426,Jackie Coogan
21301,Edna Purviance
14027,Paulette Goddard
14438,Henry Bergman
106569,Mady Correll
106570,Allison Roddan
29545,Claire Bloom
3363,Nigel Bruce
13855,Al Ernest Garcia
147962,Merna Kennedy
21306,Albert Austin
21303,Eric Campbell
68703,Tamiyo Kusakari
578708,Luigi Bonino
176543,Ken Murray
1488806,Armin Hoffman
290,Christopher Plummer
14674,George Cukor
11487,Margaret Mitchell
1162360,Simon Wiesenthal
55085,Amber Heard
2682390,Gerd Ludwig
94059,John Ewart
102603,John Howard
76788,Dev Patel
108916,Rooney Mara
1371,David Wenham
31212,Scott MacQueen
78848,Susanna Foster
99599,Carla Laemmle
72754,Elissa Knight
60074,Jeff Garlin
1245537,Sam Fontana
4027,Frank Darabont
67367,Rian Johnson
1213783,Rick Berman
20,Elizabeth Perkins
516,Annette Bening
2155,Thora Birch
151385,Bobby Edner
2372,Ron Perlman
55725,Randy Travis
1736908,Prince Harry
82702,Michael Jackson
18793,Kieran Culkin
1250,Alexander Armstrong
10730,Rowan Atkinson
82315,Jean Harlow
11492,Clark Gable
1916574,Caitlin Doughty
1492215,Pierre Cardin
8385,Jean Paul Gaultier
71531,Deepak Chopra
1383964,Thch Nht Hnh
1867979,Sister Chn Khng
52087,Carol Alt
6678,Michael Ontkean
12950,George Kennedy
10412,Anne Jackson
1933,George Peppard
6250,Romy Schneider
14812,Jeanne Moreau
10699,Samantha Bond
44384,Bernd Michael Lade
35028,Zoe Kazan
78729,Nathan Lane
17628,Mary Elizabeth Winstead
1050292,Ruth Gruber
1050293,Louisa Herz Leopold
1050294,Dava Sobel
5821,Eugenio Alabiso
4670,Nino Baragli
44797,Timothy Van Patten
1434484,Sh Kosugi
99846,Sho Kosugi
83259,Florinda Bolkan
585373,Gianni Santuccio
11190,Renzo Montagnani
24399,Yves Beneyton
24478,Raymond Pellegrin
36925,Mathieu Carrire
1062379,Pierre Berton
65103,Linda Lee Cadwell
57700,Brandon Lee
62410,Sammo Hung
1619377,Cheung Wood-Yau
1331010,Ng Cho-Fan
122528,Bruce Li
1341,Donnie Yen
135177,John Little
132476,Riccardo Billi
1698118,Pak Yin
1619,Chow Yun-Fat
1338,Maggie Cheung
1635792,Yang Yang
130394,Hsu Feng
238888,Tien Peng
695,Roy Chiao
144302,Claudia Bassols
1115053,Irene Bignardi
25822,Marcello Gatti
354606,Tullio Kezich
9871,Ursula Andress
65314,Giuseppe Tornatore
28782,Monica Bellucci
102880,Cherie Chung
83696,Cecilia Yip
944055,Alex To Tak-Wai
56890,Malcolm McDowell
46393,Roseanne Barr
8893,Stockard Channing
1162,Robert Loggia
20212,Dermot Mulroney
1204,Julia Roberts
21818,Lesley Ann Warren
1204293,J. Allen Hynek
27116,Kevin Conway
1066777,Mumia Abu-Jamal
65013,Rubin 'Hurricane' Carter
4808,Giancarlo Esposito
9560,Ellen Burstyn
67315,Tenzin Gyatso
2734157,Xiaoming Zhu
2045089,Jeanmarie Simpson
4687,Patricia Arquette
15531,Ossie Davis
51718,Naura Hayden
19178,Dick Shawn
82388,Bob Hope
99662,Mitzi Gaynor
82170,Jeanne Crain
83463,Nancy Sinatra
543105,Ella Fitzgerald
4070,Grace Kelly
40167,Don Costa
13294,Gene Kelly
9066,Judy Garland
56752,Lorna Luft
66776,Liza Minnelli
16303,Cline Dion
94759,Gloria Estefan
834,Otto Preminger
16523,Burgess Meredith
12147,Spencer Tracy
40174,Lucille Ball
109897,Ethel Merman
89784,Phyllis Diller
22092,Frankie Avalon
2672,Jack Carson
19724,Hunter S. Thompson
1188774,Ralph Steadman
38070,Edward Judd
4173,Anthony Hopkins
349,Scott Glenn
368,Reese Witherspoon
11510,Macaulay Culkin
88516,Billy Warlock
85154,Tony Denison
18461,Nick Chinlund
1216139,Michael Raynor
57389,Justin Pierce
98539,Frank Zappa
6609,Theodore Bikel
61303,Dick Van Dyke
46944,Michele Lee
1937,Mickey Rooney
1242827,Erroll Garner
586186,George Avakian
2750,Julie Harris
37469,Betsy Palmer
1116483,Deirdre Flynn
5656,Noah Baumbach
1245,Scarlett Johansson
1023139,Adam Driver
934,Russell Crowe
935,Connie Nielsen
5953,Spike Jonze
1819889,Sasha Frolova
58074,Madge Sinclair
741,River Phoenix
1447932,Winston Duke
137905,Bill Skarsgrd
69033,Vivian Wu
939118,Haoyu Yang
1528800,Meng Li
39996,Sidney Lumet
12235,Vilmos Zsigmond
45380,Turhan Bey
29312,Christopher George
41232,Jessica Walter
40433,Barry Sullivan
41256,Art Hindle
91460,Robyn Douglass
1203286,Daren C. Evans
1203287,Alice Fairhall
1145340,Stacey Bedford
168374,Cheryl Carter
7056,Emma Thompson
56101,Gerard Horan
78334,Rebekah Staton
5309,Judi Dench
31308,Richard E. Cunha
30810,Donald F. Glut
45230,Carroll Borland
56444,Robert Cornthwaite
8223,Jon Finch
41234,Judy Geeson
142858,Melissa Gilbert
7505,Roddy McDowall
26557,Ferdy Mayne
510,Tim Burton
131814,Michael Brandon
222054,Selma Brook
1483204,Ryan Mercier
1483206,Tina Gray
8724,Errol Flynn
30296,Joanne Dru
29903,Peter Finch
109,Elijah Wood
1327,Ian McKellen
110,Viggo Mortensen
1328,Sean Astin
585,Rutger Hauer
72055,Tawny Kitaen
73640,James Nachtwey
73642,Hans-Hermann Klare
82426,The Edge
82427,Adam Clayton
82428,Larry Mullen Jr.
181452,Kix Brooks
1316826,David Sylvian
72538,Daniel Lanois
1744249,Kygo
18015,Andrea Corr
22410,Sharon Corr
57446,Mark Romanek
215486,Fiona Apple
1161962,Brian Bell
72208,Alicia Keys
3284,Bruce Springsteen
237405,Lady Gaga
81487,George Michael
56367,Naomi Campbell
54421,Janet Jackson
71860,Michelle Kwan
1596154,Philippe Candeloro
155488,Kelly Clarkson
964397,Miranda Lambert
2157,Robin Williams
90654,Pam Dawber
19011,George W. Bush
1189929,Condoleezza Rice
11074,Kathy Najimy
40009,Matt Frewer
1062,Christopher Lloyd
15903,George Carlin
24594,Michael Angelis
1220781,Shelly Altman
115002,John Aniston
10594,Ringo Starr
18918,Dwayne Johnson
40462,Kristen Bell
1136406,Tom Holland
76689,Sarah Brightman
1120207,Zucchero
62053,David Foster
117092,Laura Pausini
982,Sting
1338524,Myung-Whun Chung
1192274,Jordan Fisher
91351,Sarah Hyland
11370,Elton John
18992,Aidan Quinn
2222,Beau Bridges
152699,James Noble
1077758,Llus Soler
932165,Moe Fishman
66288,Roberts Blossom
1285,AnnaSophia Robb
17397,Callie Khouri
17398,Mimi Polk Gitlin
11905,Sven Nykvist
38127,Erland Josephson
6648,Ingmar Bergman
1137209,Jonathan Adams
69500,Lou Adler
12219,Jon Stewart
19292,Adam Sandler
36190,Edie Falco
51750,Joey Lawrence
158769,Khrystyne Haje
39104,Abel Ferrara
2313633,Anna Ferrara
71010,Tom Conti
12516,Linda Hunt
12852,Barry Corbin
3800,Jerry Hall
8892,Olivia Newton-John
1084537,Derek Savage
2609280,Alistair Cooper
9777,Cuba Gooding Jr.
1225953,Sterling K. Brown
140,Lucy Liu
2535,Vivica A. Fox
77700,Travis Fimmel
2021205,Future
1911675,Young Thug
73956,John Frusciante
1237,Flea
2406668,Robert Williams
2406671,Suzanne Williams
475512,Ellie Kemper
78798,Tom Kenny
34398,Bill Fagerbakke
112261,Joey McIntyre
13446,Eliza Dushku
87192,Mike O'Malley
61110,Fred Armisen
62831,Will Forte
22082,Lacey Chabert
2057865,AnnaRose King
1778612,Ted Tremper
1848881,Becky Yamamoto
44716,Margaux Hemingway
6614,Cole Hauser
61153,Wings Hauser
8261,Willie Nelson
105629,Frank Beard
1893288,Tom Dowd
7172,James Brown
22859,Jerry Lee Lewis
6352,Jane Fonda
13301,Quincy Jones
36801,Adam Scott
22226,Paul Rudd
63918,Andras Jones
146307,Joe Guzaldo
7166,Kevin Pollak
207558,Aidan Turner
1390505,Kyle Soller
2441,Tom Hollander
15576,Matthew Macfadyen
4529,Sylvie Testud
13333,Vanessa Redgrave
2598,Sophie Okonedo
3896,Liam Neeson
2282,Ben Kingsley
11279,Roger Allam
80860,Jonathan Bailey
505710,Zendaya
1643142,Eric Hauserman Carroll
20049,David Tennant
47933,Adam James
34546,Mark Gatiss
7063,Nina Sosanya
2440,Bill Nighy
78333,Elsa Mollien
57096,Maynard Eziashi
1211217,Sule Rimi
4391,Charles Dance
21345,Stephen Mangan
12094,Jennifer Saunders
53519,Lenny Henry
107602,Jeff Beck
9188,Billy Connolly
477,Julie Walters
118608,Anthony Flanagan
102786,Barack Obama
1181293,Madeleine Albright
556903,Maria Celeste Arraras
115863,Fidel Castro
3125,Madonna
1846217,Denis Mulcahy
1104726,Henry Cisneros
44549,Pete Seeger
1490,Joan Baez
1523586,Brian Springer
46432,George H. W. Bush
112035,Mike Wallace
1725875,Christopher Ruddy
1241252,Rodney King
18977,Ed O'Neill
1248913,Josip Broz Tito
112200,Slavoj iek
34521,Maurice LaMarche
1215120,Ted Koppel
501362,Elizabeth Warren
470303,Bernie Sanders
68842,John Cho
1074129,Fred Rogers
2066306,Franois Scarborough Clemmons
173729,Yo-Yo Ma
1700943,Jelani Cobb
938972,Angela Davis
1236595,Henry Louis Gates Jr.
1182652,Mike Garson
1182651,Reeves Gabrels
1289529,Earl Slick
206581,Robert Smith
1220629,Jeremy Vine
13604,Iggy Pop
112940,Mick Ronson
24937,Bing Crosby
193488,Stanley Baxter
84527,Freddie Mercury
928828,Brian May
71252,David Gilmour
108126,Richard Wright
107210,Jon Carin
2778,Dennis Hopper
5602,David Lynch
5281,Spike Lee
1483,T Bone Burnett
1046723,Rhiannon Giddens
220875,Francis Rossi
1226069,Dusty Springfield
4286,Emma de Caunes
72254,ric Caravaca
96074,Leslie Feist
1665140,Adam Cohen
1400290,Alan Gorrie
18632,Brigid Berlin
2030027,Arthur Janov
2033613,Vivian Janov
91431,Timothy Leary
1046088,Ed Emshwiller
146964,Kenneth Anger
1171032,Adolfo Arrieta
1190206,Donatas Banionis
22861,Carl Perkins
1487,Bob Dylan
40176,Art Carney
16866,Jennifer Lopez
120931,Tamsin Greig
1164486,Prince Philip
121003,Nigel Patrick
1234063,Bobby Charlton
10132,Colm Feore
30609,Polly Shannon
237,Aidan Devine
97884,John Gordon Sinclair
1797181,John Field
1797182,Fred Frith
117555,Nigel Planer
1207229,Robert Wyatt
141317,Luciano Pavarotti
16165,Jon Lovitz
34902,Jane Horrocks
142750,Jason Orange
142751,Mark Owen
226001,Ariana Grande
76594,Miley Cyrus
1059011,Marcus Mumford
1164263,Gary Barlow
29704,Geoffrey Moore
1913149,Ambra Moore
39658,Sally Hawkins
973,Jason Flemyng
974,Dexter Fletcher
975,Nick Moran
46392,Lou Reed
1428,Mick Jagger
118421,Jack Bruce
118422,Ginger Baker
22860,Chuck Berry
1430,Keith Richards
1171675,Ingrid Berry
44999,B.B. King
95486,Stevie Ray Vaughan
110001,Phil Collins
85930,John Mayer
90388,Steve Jordan
592587,Joe Bonamassa
107209,Doyle Bramhall II
184306,Beth Hart
1228004,George Thorogood
185013,Mike Stevens
86390,John Sebastian
86385,Richie Havens
1120068,Country Joe McDonald
1072976,Derrick Parker
1073001,Game
111402,Richie Sambora
111404,David Bryan
1160640,Rob Affuso
191275,Sebastian Bach
1160641,Rachel Bolan
111403,Tico Torres
5621,John Farley
5620,Kevin Farley
1070443,Rob Bourdon
2209240,Twiggy Ramirez
2426776,Zsa Zsa Speck
141289,John 5
9316,Jeordie White
80892,Madonna Wayne Gacy
80894,Zim Zum
1088666,Till Lindemann
1515687,Richard Kruspe
39121,Richard Melville Hall
4587,Halle Berry
110380,Colin Powell
9780,Angela Bassett
819,Edward Norton
820,Edward Furlong
821,Beverly D'Angelo
6168,Austin Pendleton
181975,Mark Curry
82587,Steve Harvey
78029,Martin Lawrence
15899,Jenifer Lewis
13472,Tim Curry
97260,Tangie Ambrose
212208,Taylor Swift
14,Ellen DeGeneres
1289968,Cara Delevingne
44796,Franklyn Ajaye
77896,Bill Bellamy
15535,Robin Harris
86655,Ashley Boettcher
1741659,Orville Luster
1107983,Martin Luther King
52057,Obba Babatund
14386,Beyonc Knowles
84932,Jay-Z
1214573,Serena Williams
1204610,Peter Gudo
1027445,Hedviges Mamudo
65398,Denise Nicholas
2390,LeVar Burton
58493,Tim Grimm
3036,John Cusack
5294,Chiwetel Ejiofor
20904,James Hong
157963,Loren Avedon
1172108,Mckenna Grace
30083,Lindsay Duncan
11090,Edgar Wright
39995,Michael Cera
564,Richard Linklater
584,Philip K. Dick
135651,Michael B. Jordan
60073,Brie Larson
8851,Whitney Houston
979952,Clive Davis
84445,Craig Baldwin
197833,Craig Green
49205,Sandra Cervik
1178282,Georg Trenkwitz
1846,Andr Hennicke
53109,Marie Bumer
20016,Vadim Glowna
24045,Joseph Gordon-Levitt
27578,Ellen Page
21007,Jonah Hill
234352,Margot Robbie
1121,Benicio del Toro
543530,Dave Bautista
55499,Scott Derrickson
7626,Avi Arad
1245564,John Cassaday
2115,Kurtwood Smith
561869,Amandla Stenberg
62649,Russell Hornsby
50463,Malin kerman
12021,Mia Farrow
9278,Jennifer Garner
63,Milla Jovovich
113505,Kodi Smit-McPhee
9048,Clark Gregg
7624,Stan Lee
91606,Tom Hiddleston
76546,Ricky Schroder
95468,Kelli Williams
1548675,Bjrn-Olof Larsson
2533102,David Anghel
1548646,Wille Glyt
18565,Michel Audiard
17496,Jacques Audiard
192,Morgan Freeman
12052,Gwyneth Paltrow
1283,Helena Bonham Carter
17288,Michael Fassbender
1267329,Lupita Nyong'o
26887,Francis Huster
40266,Maruschka Detmers
44560,Hubert Saint-Macary
1548355,Cyril Dion
1548356,Anthony Barnosky
1278363,James Cawley
150193,Sandy Collora
437100,Taylor Gray
33260,Freddie Prinze Jr.
81663,Vanessa Marshall
35219,Corey Burton
7879,John Lasseter
32,Robin Wright
33,Gary Sinise
52,David Morse
5149,Bonnie Hunt
3197,Tom Sizemore
24,Robert Zemeckis
28,Wendy Finerman
11813,David Foster
15406,Bill Lancaster
14692,Nick Castle
8944,Jamie Lee Curtis
14999,George A. Romero
2476121,Rubn Martnez
2291380,Com Truise
511,Larry J. Franco
11357,Bruce Campbell
3027,Stephen King
131120,Henry Strozier
6856,Kurt Russell
11065,Wilford Brimley
15411,T. K. Carter
44712,Jill Eikenberry
2056726,Kevin Dobson
40389,Bernadette Peters
5699,Patti LuPone
2165,Rosanna Arquette
26860,John Sessions
10930,Irvin Kershner
2140901,Gary Kurtz
15152,James Earl Jones
1897169,Charmin Lee White
45042,Adam Ant
553721,Nick Ashford
1789239,Renaldo Benson
5049,John Hurt
10774,Anne Bancroft
14464,Jenny Agutter
92876,Paul Conway
12446,Peter Sellers
11281,Sinad Cusack
40960,Jon Pertwee
207067,Elisabeth Sladen
937,Derek Jacobi
1587566,Carly Adams
28745,Deborra-Lee Furness
39923,Franois Audouy
231664,Gina Beck
15838,Lea Salonga
231713,Cameron Mackintosh
6431,Darren Aronofsky
9546,James Chinlund
11856,Daniel Day-Lewis
52564,Dillon Freasier
2240369,Bert Stern
82280,Louis Armstrong
21049,Yancey Arias
962225,Josh Blaylock
95038,Johanna Braddy
59784,Carlos Alazraqui
12077,Jim Cummings
13242,Paul Giamatti
10872,Patton Oswalt
7090,Kelsey Grammer
52951,Jane Leeves
1041277,Stan Chandler
1041278,David Engel
1041279,Larry Raben
1230,John Goodman
20493,Sydney Tamiia Poitier
77018,Carrie Hamilton
1037398,Diamond Yukai
1722123,Daisuke Oyama
64825,Harry Hamlin
149589,Scott Rinker
143240,Julianne Hough
97772,Mel Torm
15417,Donald Moffat
16927,Grard Depardieu
13784,Burt Lancaster
12149,Richard Widmark
112219,Michael Shawn Hickenbottom
112217,Bret Hart
53862,Kaley Cuoco
16478,Johnny Galecki
160172,Chuck Lorre
1947,Stanley Adams
62578,Mark A. Altman
8258,Ben Johnson
60438,Michael Landon Jr.
94792,Tammin Sursok
1181353,Ryan Eggold
131273,Melissa Sue Anderson
70569,Doug McKeon
85,Johnny Depp
776,Eddie Murphy
78707,Tosca D'Aquino
7542,Antonio Catania
55794,Silvia D'Amico Bendico
1468163,Vito Di Bella
5676,Marcello Mastroianni
5682,Anouk Aime
2369,Michael Lonsdale
78934,Betsy Blair
4958,Henry Fonda
3784,Michel Piccoli
20564,Tony Musante
27442,Renato Salvatori
39274,Lucia Bos
12259,Vittorio Gassman
27392,Enrico Lo Verso
27642,Lina Sastri
22383,Franco Nero
120640,Stefano Ambrogi
1073982,Fabrizio Apolloni
3829,Jean-Paul Belmondo
1098404,Paul Belmondo
15135,Alain Delon
6014,Annie Girardot
1061561,Mark Cousins
1018937,Jean-Michel Frodon
